,efg,full,ged,node,transition
efg,1.0,0.6347322406615539,0.7621427755650075,0.9251815099307822,0.9492771696212886
full,0.6347322406615539,1.0,0.7773865570773251,0.6653989228042677,0.4984596964546435
ged,0.7621427755650075,0.7773865570773251,1.0,0.9300893928774373,0.7741828893914765
node,0.9251815099307822,0.6653989228042677,0.9300893928774373,0.9999999999999998,0.9428574235233493
transition,0.9492771696212886,0.4984596964546435,0.7741828893914765,0.9428574235233493,0.9999999999999998
