,efg,full,node,ged,transition
efg,1.0,0.24838945333121015,0.8164669824591767,0.28949853310358625,0.9127029607007296
full,0.24838945333121015,0.9999999999999997,0.2564527162233157,0.33310674610979757,0.12286218556094664
node,0.8164669824591767,0.2564527162233157,0.9999999999999997,0.7111413854901514,0.9246217349549872
ged,0.28949853310358625,0.33310674610979757,0.7111413854901514,0.9999999999999997,0.48299791308279827
transition,0.9127029607007296,0.12286218556094664,0.9246217349549872,0.48299791308279827,0.9999999999999998
